Room Type,Sea Facing,Jacuzzi,Balcony,Bed Type,In-Room Technology,Season,Floor Level,Price
Standard,None,Yes,Yes,Double,Standard TV,Off-Peak,14,1544.27
Private,Sea Facing,No,Yes,Double,Smart TV,Peak,13,7071.13
Deluxe,Sea Facing,No,Yes,Queen,Standard TV,Off-Peak,6,2909.6
Standard,None,Yes,Yes,Double,Standard TV,Peak,1,1855.91
Private,Sea Facing,No,Yes,Double,Smart TV,Off-Peak,8,5898.76
Private,City View,Yes,No,Queen,Smart TV,Peak,7,6779.46
Private,None,No,No,Queen,Standard TV,Peak,7,5589.45
Private,Sea Facing,No,No,Double,Smart TV,Peak,8,6839.92
Deluxe,None,Yes,No,Queen,Smart TV,Off-Peak,19,2254.52
Private,None,Yes,Yes,Queen,Standard TV,Peak,18,6235.41
Deluxe,City View,No,No,Double,Smart TV,Peak,12,2641.19
Suite,None,No,No,King,Smart TV,Off-Peak,18,3950.23
Standard,None,No,No,Double,Standard TV,Off-Peak,6,991.82
Private,None,No,No,Double,Standard TV,Peak,19,5407.22
Suite,None,No,No,Double,Standard TV,Peak,18,4193.07
Standard,None,Yes,Yes,Queen,Standard TV,Off-Peak,10,1698.67
Standard,Sea Facing,No,No,Double,Smart TV,Peak,13,2648.19
Standard,None,Yes,No,Queen,Smart TV,Off-Peak,18,1702.05
Suite,Sea Facing,No,No,King,Standard TV,Off-Peak,5,4747.7
Deluxe,Sea Facing,No,No,Double,Smart TV,Peak,1,3305.82
Suite,City View,No,Yes,King,Smart TV,Off-Peak,4,4591.32
Private,City View,Yes,Yes,Double,Smart TV,Peak,13,6845.21
Private,None,No,Yes,Queen,Standard TV,Peak,16,5827.29
Suite,City View,No,No,King,Standard TV,Peak,6,5045.55
Standard,Sea Facing,Yes,No,Double,Smart TV,Peak,8,3055.73
Deluxe,None,Yes,No,King,Smart TV,Peak,15,2816.81
Deluxe,City View,No,Yes,Queen,Smart TV,Peak,6,3066.74
Deluxe,Sea Facing,No,Yes,Queen,Smart TV,Off-Peak,18,3094.52
Deluxe,City View,No,Yes,Double,Standard TV,Off-Peak,19,2200.76
Standard,None,No,Yes,Double,Smart TV,Peak,19,1681.18
Deluxe,City View,Yes,No,King,Smart TV,Off-Peak,18,2806.25
Standard,None,Yes,Yes,Queen,Standard TV,Peak,2,2030.32
Private,None,No,Yes,Queen,Smart TV,Peak,11,6070.0
Standard,City View,Yes,No,Double,Smart TV,Off-Peak,18,1992.8
Private,None,Yes,Yes,Queen,Smart TV,Peak,10,6477.12
Deluxe,None,Yes,Yes,Queen,Smart TV,Off-Peak,5,2453.41
Suite,None,Yes,Yes,Queen,Standard TV,Peak,9,5030.39
Private,None,Yes,Yes,King,Smart TV,Peak,19,6599.91
Private,City View,No,Yes,King,Standard TV,Off-Peak,6,5390.26
Standard,None,No,Yes,King,Smart TV,Peak,8,1975.08
Suite,None,Yes,No,Queen,Standard TV,Peak,2,4808.39
Private,None,No,No,Double,Smart TV,Off-Peak,18,4696.17
Standard,None,Yes,No,Double,Standard TV,Peak,16,1628.85
Deluxe,Sea Facing,Yes,No,Double,Smart TV,Off-Peak,8,3097.76
Private,City View,Yes,No,King,Smart TV,Off-Peak,17,5751.36
Deluxe,City View,Yes,No,Queen,Smart TV,Off-Peak,18,2704.81
Private,Sea Facing,Yes,No,King,Smart TV,Peak,7,7566.67
Private,City View,No,Yes,King,Smart TV,Off-Peak,9,5590.92
Suite,Sea Facing,No,Yes,Double,Standard TV,Peak,7,5637.15
Private,City View,No,Yes,Double,Standard TV,Off-Peak,3,5141.28
Standard,City View,No,Yes,Queen,Standard TV,Peak,6,2169.45
Deluxe,None,No,Yes,King,Standard TV,Off-Peak,5,1995.38
Deluxe,Sea Facing,No,Yes,Queen,Smart TV,Peak,3,3718.35
Deluxe,Sea Facing,No,Yes,King,Smart TV,Peak,14,3838.32
Private,City View,Yes,No,Queen,Standard TV,Off-Peak,18,5446.94
Standard,Sea Facing,No,Yes,King,Smart TV,Peak,7,3172.57
Private,None,No,No,Queen,Standard TV,Peak,11,5574.81
Suite,City View,Yes,Yes,King,Smart TV,Off-Peak,20,4952.36
Standard,City View,No,No,King,Smart TV,Off-Peak,14,1905.88
Private,None,Yes,Yes,Double,Standard TV,Off-Peak,16,5056.86
Private,Sea Facing,No,No,King,Smart TV,Peak,16,7134.8
Suite,Sea Facing,Yes,Yes,Double,Smart TV,Off-Peak,4,5243.81
Private,City View,No,No,Queen,Smart TV,Peak,16,6359.24
Suite,City View,Yes,Yes,Double,Standard TV,Off-Peak,8,4499.59
Private,None,No,Yes,King,Smart TV,Off-Peak,9,5147.28
Standard,Sea Facing,Yes,Yes,Double,Standard TV,Off-Peak,5,2546.99
Suite,Sea Facing,No,No,Double,Standard TV,Off-Peak,18,4504.63
Standard,Sea Facing,No,Yes,Queen,Standard TV,Peak,13,2829.59
Standard,None,Yes,Yes,Double,Standard TV,Off-Peak,15,1540.26
Standard,None,Yes,No,Queen,Standard TV,Peak,10,1792.21
Deluxe,City View,No,No,Queen,Smart TV,Off-Peak,5,2344.8
Deluxe,City View,No,No,Double,Smart TV,Peak,4,2647.69
Suite,City View,No,Yes,King,Smart TV,Off-Peak,19,4607.5
Standard,City View,Yes,No,Queen,Smart TV,Peak,15,2578.14
Standard,Sea Facing,Yes,Yes,Double,Smart TV,Off-Peak,8,2748.02
Deluxe,Sea Facing,Yes,No,Queen,Standard TV,Peak,5,3658.88
Private,Sea Facing,Yes,No,Double,Smart TV,Peak,9,7250.76
Standard,Sea Facing,Yes,No,Double,Smart TV,Peak,17,3067.31
Deluxe,None,Yes,No,King,Standard TV,Peak,8,2584.11
Suite,None,No,Yes,Double,Smart TV,Peak,14,4676.43
Suite,Sea Facing,Yes,No,Queen,Standard TV,Peak,12,5990.48
Private,City View,No,Yes,Queen,Standard TV,Off-Peak,9,5293.63
Standard,Sea Facing,Yes,Yes,King,Smart TV,Off-Peak,16,2996.45
Deluxe,City View,Yes,No,Queen,Smart TV,Peak,1,3235.92
Deluxe,None,Yes,No,King,Smart TV,Off-Peak,1,2357.73
Private,None,No,No,Double,Standard TV,Off-Peak,10,4505.9
Deluxe,City View,Yes,Yes,Double,Standard TV,Off-Peak,12,2543.86
Deluxe,Sea Facing,No,Yes,Double,Standard TV,Off-Peak,3,2758.11
Private,Sea Facing,No,No,King,Smart TV,Peak,1,7140.96
Suite,City View,Yes,No,Queen,Standard TV,Off-Peak,8,4446.07
Private,Sea Facing,Yes,No,Queen,Standard TV,Off-Peak,20,5992.6
Private,Sea Facing,Yes,Yes,Double,Smart TV,Peak,16,7508.83
Suite,None,No,No,Queen,Smart TV,Off-Peak,6,3841.32
Suite,City View,No,No,King,Standard TV,Peak,20,5035.24
Private,Sea Facing,Yes,Yes,King,Smart TV,Peak,11,7806.78
Standard,None,Yes,No,King,Standard TV,Peak,14,1915.58
Suite,Sea Facing,Yes,Yes,King,Standard TV,Peak,13,6359.62
Private,Sea Facing,No,No,Queen,Standard TV,Off-Peak,4,5655.69
Deluxe,City View,No,No,King,Smart TV,Peak,2,2941.82
Standard,Sea Facing,Yes,Yes,Queen,Smart TV,Off-Peak,3,2904.26
Deluxe,None,Yes,No,Double,Standard TV,Off-Peak,7,1896.24
Suite,Sea Facing,Yes,Yes,Queen,Standard TV,Off-Peak,18,5193.97
Standard,City View,No,No,King,Standard TV,Peak,14,2042.07
Private,Sea Facing,No,Yes,Queen,Standard TV,Off-Peak,10,5843.34
Standard,Sea Facing,No,Yes,Double,Smart TV,Peak,10,2880.78
Suite,City View,Yes,No,Double,Smart TV,Off-Peak,6,4506.84
Standard,Sea Facing,No,Yes,Double,Smart TV,Peak,15,2882.02
Private,Sea Facing,Yes,No,Queen,Smart TV,Peak,16,7442.77
Private,City View,No,No,King,Smart TV,Peak,8,6475.52
Standard,Sea Facing,Yes,No,King,Standard TV,Peak,5,3129.8
Private,None,No,No,Queen,Smart TV,Off-Peak,4,4845.88
Standard,Sea Facing,No,Yes,King,Standard TV,Off-Peak,8,2447.15
Standard,Sea Facing,Yes,No,King,Standard TV,Peak,10,3117.72
Standard,City View,No,No,Queen,Standard TV,Off-Peak,10,1609.0
Standard,City View,Yes,No,Double,Standard TV,Peak,8,2162.21
Suite,City View,No,Yes,King,Standard TV,Off-Peak,12,4391.21
Private,City View,Yes,Yes,Double,Standard TV,Off-Peak,7,5497.57
Standard,Sea Facing,Yes,No,King,Standard TV,Peak,14,3112.93
Private,None,No,No,Double,Standard TV,Off-Peak,3,4492.77
Suite,None,No,No,Double,Smart TV,Peak,8,4441.9
Private,None,No,No,King,Smart TV,Peak,4,5937.04
Private,City View,Yes,No,King,Standard TV,Off-Peak,13,5550.81
Deluxe,Sea Facing,Yes,Yes,Queen,Standard TV,Peak,1,3902.41
Deluxe,Sea Facing,No,Yes,King,Standard TV,Peak,6,3599.76
Deluxe,Sea Facing,Yes,No,King,Standard TV,Peak,1,3774.31
Standard,None,No,No,Queen,Smart TV,Peak,4,1611.85
Deluxe,None,Yes,Yes,Double,Smart TV,Off-Peak,11,2296.01
Deluxe,City View,Yes,Yes,Queen,Smart TV,Off-Peak,18,2900.77
Deluxe,None,No,Yes,Double,Standard TV,Off-Peak,17,1745.59
Private,None,Yes,No,Queen,Standard TV,Off-Peak,9,4997.84
Standard,None,Yes,Yes,King,Standard TV,Off-Peak,19,1808.11
Private,None,Yes,No,King,Smart TV,Peak,16,6350.53
Deluxe,Sea Facing,No,No,Double,Smart TV,Off-Peak,11,2741.65
Suite,None,Yes,No,King,Smart TV,Off-Peak,20,4306.4
Standard,None,Yes,Yes,Double,Standard TV,Off-Peak,6,1543.72
Deluxe,None,No,No,Queen,Smart TV,Peak,14,2286.64
Suite,None,Yes,Yes,King,Standard TV,Peak,4,5162.5
Standard,None,No,Yes,Double,Standard TV,Off-Peak,5,1192.19
Suite,None,No,Yes,Queen,Standard TV,Off-Peak,4,3846.69
Standard,City View,Yes,Yes,King,Smart TV,Off-Peak,4,2459.23
Deluxe,City View,No,Yes,King,Standard TV,Off-Peak,8,2443.53
Private,Sea Facing,No,No,Double,Standard TV,Peak,11,6598.27
Suite,City View,No,Yes,King,Smart TV,Peak,9,5516.15
Suite,Sea Facing,No,No,Double,Standard TV,Off-Peak,9,4500.2
Deluxe,City View,No,No,King,Standard TV,Off-Peak,18,2248.69
Standard,City View,Yes,No,Queen,Standard TV,Off-Peak,18,1958.64
Private,City View,Yes,No,King,Standard TV,Peak,6,6666.52
Deluxe,Sea Facing,Yes,No,Double,Smart TV,Off-Peak,17,3101.61
Deluxe,Sea Facing,No,No,Double,Standard TV,Off-Peak,4,2546.68
Private,City View,No,Yes,Double,Standard TV,Peak,19,6185.02
Standard,City View,Yes,No,Queen,Standard TV,Peak,4,2341.79
Suite,Sea Facing,No,Yes,King,Smart TV,Off-Peak,17,5143.25
Suite,Sea Facing,No,Yes,King,Smart TV,Off-Peak,1,5146.24
Private,City View,No,Yes,King,Standard TV,Off-Peak,16,5401.37
Suite,City View,Yes,Yes,Double,Standard TV,Off-Peak,3,4504.0
Private,City View,No,Yes,Double,Standard TV,Peak,12,6176.41
Private,City View,No,No,King,Smart TV,Peak,19,6488.2
Private,Sea Facing,No,No,Double,Smart TV,Off-Peak,1,5698.16
Suite,None,No,Yes,King,Standard TV,Peak,14,4732.98
Deluxe,Sea Facing,No,Yes,King,Standard TV,Off-Peak,9,2994.25
Suite,Sea Facing,No,Yes,Double,Smart TV,Off-Peak,2,4893.98
Suite,None,No,Yes,King,Standard TV,Off-Peak,16,3944.68
Private,None,No,No,Double,Smart TV,Peak,7,5637.67
Suite,Sea Facing,Yes,Yes,King,Smart TV,Peak,7,6599.3
Private,Sea Facing,No,Yes,Double,Smart TV,Peak,13,7080.85
Private,None,No,Yes,Double,Standard TV,Peak,19,5648.76
Suite,None,Yes,No,Double,Smart TV,Peak,19,4861.4
Suite,None,Yes,Yes,King,Smart TV,Off-Peak,18,4493.59
Private,Sea Facing,Yes,No,King,Standard TV,Peak,20,7319.11
Standard,City View,No,Yes,Queen,Standard TV,Off-Peak,6,1793.38
Deluxe,None,No,No,King,Smart TV,Off-Peak,15,2008.22
Suite,City View,No,Yes,King,Smart TV,Peak,3,5513.37
Private,City View,Yes,No,King,Smart TV,Peak,2,6902.21
Suite,Sea Facing,Yes,Yes,Queen,Smart TV,Off-Peak,7,5401.56
Deluxe,Sea Facing,Yes,Yes,Queen,Smart TV,Off-Peak,19,3452.46
Suite,City View,No,No,King,Smart TV,Off-Peak,10,4391.17
Deluxe,Sea Facing,Yes,No,King,Standard TV,Off-Peak,6,3145.79
Standard,None,No,Yes,Double,Smart TV,Peak,18,1677.07
Suite,None,No,Yes,King,Smart TV,Peak,5,4988.46
Suite,City View,Yes,Yes,Double,Standard TV,Off-Peak,20,4502.17
Private,City View,No,No,King,Standard TV,Off-Peak,20,5206.16
Standard,None,Yes,No,Double,Smart TV,Off-Peak,2,1549.92
Private,None,No,No,Queen,Smart TV,Off-Peak,5,4847.95
Suite,City View,Yes,No,Queen,Standard TV,Off-Peak,20,4449.67
Private,None,No,Yes,King,Standard TV,Off-Peak,20,4955.74
Standard,Sea Facing,Yes,No,Queen,Smart TV,Peak,8,3231.82
Standard,Sea Facing,No,No,Queen,Standard TV,Off-Peak,5,2159.07
Suite,City View,Yes,Yes,Double,Standard TV,Peak,20,5402.07
Standard,Sea Facing,Yes,No,Queen,Smart TV,Peak,16,3233.72
Suite,City View,No,Yes,King,Standard TV,Off-Peak,3,4390.88
Private,Sea Facing,No,No,King,Smart TV,Peak,13,7132.56
Suite,Sea Facing,Yes,Yes,Queen,Smart TV,Off-Peak,6,5392.14
Suite,City View,No,Yes,King,Smart TV,Peak,4,5518.05
Private,None,Yes,Yes,Queen,Smart TV,Off-Peak,10,5403.84
Standard,City View,Yes,Yes,King,Standard TV,Off-Peak,18,2245.0
Standard,City View,Yes,Yes,Double,Smart TV,Off-Peak,20,2197.7
Standard,None,No,Yes,Queen,Smart TV,Peak,18,1861.28
Deluxe,Sea Facing,Yes,No,King,Standard TV,Off-Peak,12,3156.27
Suite,City View,Yes,Yes,Double,Standard TV,Off-Peak,3,4502.15
Standard,City View,No,Yes,Queen,Smart TV,Peak,12,2393.7
Deluxe,City View,No,No,King,Smart TV,Off-Peak,12,2444.88
Suite,Sea Facing,Yes,No,Queen,Standard TV,Peak,2,5997.43
Private,Sea Facing,No,No,Double,Smart TV,Peak,18,6839.74
Suite,None,No,No,Queen,Standard TV,Peak,2,4387.68
Suite,City View,Yes,No,Double,Standard TV,Peak,2,5154.93
Private,None,No,Yes,Double,Standard TV,Off-Peak,8,4708.55
Deluxe,None,Yes,No,King,Standard TV,Peak,1,2585.47
Standard,City View,Yes,Yes,Double,Standard TV,Off-Peak,13,1996.39
Standard,City View,Yes,Yes,Double,Standard TV,Peak,18,2409.34
Standard,None,Yes,No,King,Standard TV,Peak,8,1917.38
Private,Sea Facing,Yes,Yes,Double,Standard TV,Off-Peak,13,6053.59
Private,None,Yes,Yes,King,Smart TV,Off-Peak,7,5508.73
Standard,Sea Facing,Yes,No,King,Smart TV,Peak,3,3365.78
Suite,Sea Facing,Yes,Yes,Double,Standard TV,Off-Peak,10,5057.73
Suite,None,No,No,Queen,Smart TV,Off-Peak,19,3843.23
Standard,City View,Yes,No,Double,Smart TV,Off-Peak,13,2002.87
Standard,None,No,No,Queen,Smart TV,Peak,19,1611.6
Private,None,Yes,No,Double,Standard TV,Peak,8,5829.6
Standard,Sea Facing,No,Yes,King,Smart TV,Peak,18,3183.97
Deluxe,None,Yes,Yes,Double,Standard TV,Off-Peak,15,2092.08
Suite,City View,Yes,No,King,Smart TV,Off-Peak,7,4755.86
Standard,None,Yes,Yes,Queen,Standard TV,Peak,7,2039.25
Standard,None,No,No,Double,Standard TV,Peak,3,1191.59
Private,Sea Facing,Yes,Yes,Queen,Standard TV,Peak,18,7446.09
Deluxe,City View,No,Yes,Double,Smart TV,Peak,14,2870.71
Private,City View,Yes,No,King,Standard TV,Peak,20,6665.91
Standard,Sea Facing,No,No,King,Smart TV,Peak,17,2941.48
Suite,City View,No,Yes,Double,Smart TV,Off-Peak,9,4340.05
Deluxe,City View,Yes,Yes,Queen,Standard TV,Off-Peak,10,2698.91
Deluxe,None,No,Yes,Double,Standard TV,Peak,8,2102.21
Deluxe,Sea Facing,Yes,Yes,Double,Standard TV,Off-Peak,19,3094.1
Private,City View,Yes,No,Double,Smart TV,Off-Peak,20,5494.72
Standard,Sea Facing,Yes,Yes,Queen,Smart TV,Off-Peak,2,2891.29
Standard,None,Yes,Yes,Double,Smart TV,Peak,20,2103.39
Standard,City View,Yes,Yes,King,Standard TV,Off-Peak,12,2243.89
Deluxe,Sea Facing,Yes,No,Double,Standard TV,Off-Peak,4,2907.22
Deluxe,City View,Yes,No,Double,Standard TV,Off-Peak,3,2355.17
Suite,Sea Facing,Yes,Yes,King,Smart TV,Off-Peak,1,5491.86
Deluxe,None,No,Yes,Double,Standard TV,Off-Peak,15,1751.15
Standard,None,No,No,Queen,Smart TV,Peak,1,1618.25
Standard,City View,Yes,Yes,Double,Standard TV,Peak,9,2405.57
Deluxe,City View,No,Yes,Queen,Smart TV,Peak,5,3063.24
Suite,Sea Facing,No,Yes,Double,Standard TV,Off-Peak,20,4691.56
Deluxe,City View,No,No,Double,Standard TV,Off-Peak,19,2009.63
Deluxe,None,Yes,Yes,Double,Smart TV,Off-Peak,6,2295.14
Private,None,No,Yes,Queen,Standard TV,Peak,8,5815.11
Deluxe,None,No,Yes,King,Standard TV,Peak,3,2396.1
Standard,City View,No,No,Double,Smart TV,Peak,20,1989.52
Standard,Sea Facing,Yes,No,Double,Smart TV,Off-Peak,2,2556.08
Standard,None,Yes,Yes,Double,Smart TV,Peak,14,2091.72
Private,None,No,Yes,King,Smart TV,Off-Peak,11,5148.36
Private,City View,Yes,Yes,Double,Standard TV,Off-Peak,18,5507.11
Deluxe,City View,Yes,Yes,Queen,Standard TV,Off-Peak,7,2696.98
Suite,City View,No,Yes,King,Standard TV,Peak,1,5275.83
Deluxe,City View,Yes,No,Queen,Standard TV,Off-Peak,8,2502.79
Private,Sea Facing,Yes,No,Queen,Smart TV,Peak,6,7437.35
Deluxe,City View,Yes,Yes,King,Smart TV,Peak,11,3593.23
Private,Sea Facing,No,No,King,Standard TV,Peak,10,6899.67
Standard,Sea Facing,No,Yes,Double,Smart TV,Peak,2,2886.23
Standard,None,Yes,No,King,Standard TV,Peak,1,1926.89
Private,None,No,No,Queen,Standard TV,Off-Peak,4,4652.31
Deluxe,City View,No,Yes,Double,Standard TV,Peak,9,2649.98
Suite,None,Yes,No,King,Standard TV,Off-Peak,13,4109.69
Standard,Sea Facing,Yes,No,Queen,Standard TV,Peak,4,2994.77
Suite,City View,No,No,King,Standard TV,Peak,3,5045.42
Private,City View,Yes,No,Double,Standard TV,Peak,18,6353.68
Private,City View,No,Yes,Queen,Smart TV,Off-Peak,2,5498.23
Suite,City View,No,No,King,Standard TV,Peak,9,5030.2
Private,None,No,Yes,Double,Standard TV,Peak,7,5634.03
Deluxe,City View,Yes,Yes,King,Smart TV,Off-Peak,2,2994.47
Deluxe,Sea Facing,Yes,No,Double,Smart TV,Off-Peak,12,3109.76
Deluxe,City View,Yes,Yes,Queen,Smart TV,Off-Peak,17,2890.83
Private,None,No,Yes,Queen,Smart TV,Peak,14,6068.92
Suite,Sea Facing,No,Yes,King,Standard TV,Peak,14,5946.76
Standard,None,No,Yes,Queen,Smart TV,Peak,15,1850.45
Standard,None,No,Yes,King,Smart TV,Off-Peak,17,1642.73
Deluxe,None,Yes,No,King,Smart TV,Peak,4,2822.58
Standard,None,Yes,Yes,Queen,Standard TV,Off-Peak,14,1697.02
Private,City View,No,Yes,King,Standard TV,Off-Peak,7,5396.83
Suite,None,No,No,King,Standard TV,Peak,19,4503.93
Private,City View,Yes,No,Queen,Smart TV,Peak,2,6789.9
Private,City View,Yes,No,Double,Standard TV,Peak,9,6356.65
Suite,None,No,No,King,Standard TV,Off-Peak,15,3758.46
Standard,Sea Facing,No,No,King,Smart TV,Off-Peak,19,2454.57
Suite,None,No,Yes,King,Smart TV,Off-Peak,10,4156.94
Private,None,No,Yes,Queen,Smart TV,Off-Peak,8,5050.18
Suite,City View,No,Yes,Double,Smart TV,Peak,13,5220.67
Suite,City View,Yes,Yes,Queen,Smart TV,Off-Peak,10,4850.93
Deluxe,City View,No,Yes,Queen,Smart TV,Peak,17,3061.3
Deluxe,City View,No,Yes,Queen,Smart TV,Off-Peak,2,2542.89
Private,None,No,No,Double,Smart TV,Peak,18,5634.14
Private,Sea Facing,No,No,Queen,Standard TV,Off-Peak,2,5643.07
Standard,Sea Facing,No,No,Queen,Standard TV,Off-Peak,19,2143.82
Private,Sea Facing,Yes,Yes,Queen,Smart TV,Peak,16,7683.3
Standard,Sea Facing,No,Yes,Double,Smart TV,Peak,15,2874.13
Standard,City View,No,No,Double,Standard TV,Peak,8,1747.57
Suite,None,Yes,No,Double,Smart TV,Peak,7,4852.39
Suite,City View,Yes,No,Double,Smart TV,Off-Peak,18,4509.77
Private,City View,No,Yes,Queen,Smart TV,Off-Peak,9,5490.03
Deluxe,None,Yes,No,Double,Smart TV,Off-Peak,16,2106.88
Deluxe,None,Yes,No,King,Standard TV,Off-Peak,2,2140.04
Standard,None,No,No,Queen,Smart TV,Peak,8,1625.71
Private,City View,No,No,King,Standard TV,Off-Peak,9,5204.55
Standard,Sea Facing,Yes,Yes,Double,Smart TV,Off-Peak,9,2753.89
Suite,City View,No,No,King,Standard TV,Off-Peak,1,4197.02
Private,City View,No,No,Queen,Standard TV,Off-Peak,10,5102.54
Private,None,Yes,No,Queen,Smart TV,Off-Peak,3,5201.99
Deluxe,City View,No,No,Queen,Standard TV,Off-Peak,1,2154.79
Private,Sea Facing,Yes,No,King,Standard TV,Peak,11,7324.2
Deluxe,Sea Facing,No,Yes,Queen,Standard TV,Peak,9,3474.96
Private,City View,Yes,Yes,Queen,Standard TV,Off-Peak,14,5654.19
Suite,None,Yes,Yes,King,Standard TV,Peak,4,5156.25
Standard,City View,Yes,No,Double,Smart TV,Peak,6,2397.71
Deluxe,Sea Facing,No,No,Queen,Smart TV,Peak,13,3475.76
Deluxe,Sea Facing,Yes,No,Double,Standard TV,Peak,1,3484.78
Private,City View,No,No,Double,Standard TV,Off-Peak,4,4956.69
Private,Sea Facing,No,Yes,Queen,Standard TV,Peak,12,7014.97
Private,City View,No,Yes,King,Smart TV,Off-Peak,1,5600.28
Deluxe,Sea Facing,No,No,Double,Smart TV,Peak,9,3304.11
Deluxe,None,Yes,Yes,King,Smart TV,Off-Peak,15,2556.49
Deluxe,Sea Facing,No,No,Queen,Standard TV,Off-Peak,4,2704.55
Private,City View,Yes,Yes,Queen,Standard TV,Peak,1,6771.98
Private,City View,No,No,Queen,Smart TV,Peak,10,6363.68
Suite,None,Yes,No,Queen,Smart TV,Off-Peak,7,4208.11
Suite,Sea Facing,No,Yes,Queen,Standard TV,Off-Peak,4,4848.84
Suite,City View,No,Yes,Queen,Smart TV,Peak,4,5404.85
Standard,Sea Facing,No,Yes,King,Smart TV,Off-Peak,16,2659.24
Private,None,No,Yes,Queen,Smart TV,Off-Peak,1,5053.88
Private,City View,No,No,Double,Standard TV,Off-Peak,7,4945.79
Deluxe,None,No,Yes,Double,Smart TV,Off-Peak,13,1949.04
Suite,City View,No,No,Queen,Smart TV,Peak,19,5159.37
Private,Sea Facing,No,Yes,King,Standard TV,Off-Peak,6,5956.98
Deluxe,City View,Yes,No,Queen,Smart TV,Off-Peak,2,2709.37
Private,None,No,No,Queen,Standard TV,Peak,18,5581.86
Private,City View,No,Yes,Queen,Standard TV,Off-Peak,16,5291.54
Deluxe,None,No,No,Queen,Standard TV,Peak,9,2048.99
Deluxe,City View,Yes,No,King,Standard TV,Peak,10,3129.88
Deluxe,None,Yes,Yes,Double,Smart TV,Peak,14,2757.91
Standard,Sea Facing,Yes,No,Double,Smart TV,Peak,17,3066.52
Suite,City View,Yes,No,Double,Smart TV,Peak,10,5398.68
Suite,Sea Facing,No,No,Double,Standard TV,Off-Peak,5,4503.91
Standard,City View,No,No,Double,Smart TV,Peak,8,1970.84
Deluxe,City View,No,No,Double,Standard TV,Off-Peak,6,2007.81
Deluxe,Sea Facing,Yes,Yes,King,Smart TV,Peak,8,4250.9
Standard,None,No,Yes,Queen,Standard TV,Peak,4,1614.4
Private,Sea Facing,No,No,King,Standard TV,Peak,2,6901.35
Standard,Sea Facing,Yes,Yes,King,Standard TV,Peak,10,3367.65
Standard,City View,No,Yes,King,Smart TV,Off-Peak,2,2095.45
Private,None,Yes,Yes,King,Standard TV,Peak,9,6351.79
Suite,None,No,No,King,Standard TV,Off-Peak,17,3756.19
Deluxe,Sea Facing,No,No,King,Smart TV,Peak,7,3597.19
Suite,Sea Facing,Yes,Yes,Queen,Standard TV,Peak,15,6244.87
Deluxe,None,Yes,No,King,Standard TV,Off-Peak,13,2143.85
Suite,Sea Facing,No,Yes,King,Smart TV,Off-Peak,7,5144.66
Standard,City View,Yes,Yes,Double,Standard TV,Off-Peak,1,1997.08
Suite,City View,No,Yes,Double,Smart TV,Peak,11,5225.69
Standard,Sea Facing,No,Yes,Queen,Standard TV,Peak,13,2828.77
Deluxe,City View,Yes,No,King,Smart TV,Off-Peak,14,2805.74
Deluxe,None,No,Yes,Double,Standard TV,Off-Peak,2,1740.16
Deluxe,Sea Facing,Yes,Yes,King,Smart TV,Off-Peak,1,3556.17
Standard,City View,No,Yes,Double,Standard TV,Peak,10,1982.73
Private,Sea Facing,Yes,Yes,Double,Standard TV,Peak,5,7265.97
Standard,None,Yes,No,Double,Standard TV,Off-Peak,4,1351.45
Private,City View,No,No,Double,Smart TV,Off-Peak,10,5140.57
Standard,None,Yes,Yes,King,Standard TV,Off-Peak,9,1806.06
Standard,Sea Facing,Yes,No,Queen,Smart TV,Off-Peak,20,2691.53
Standard,Sea Facing,Yes,No,Double,Smart TV,Off-Peak,14,2546.96
Standard,City View,No,No,Double,Smart TV,Peak,8,1980.81
Deluxe,None,No,No,Queen,Standard TV,Off-Peak,20,1695.72
Private,Sea Facing,Yes,No,King,Standard TV,Off-Peak,13,6105.19
Private,None,Yes,No,Double,Standard TV,Peak,3,5829.48
Standard,None,Yes,Yes,Queen,Smart TV,Peak,5,2279.25
Private,City View,Yes,No,King,Standard TV,Off-Peak,14,5559.06
Suite,None,Yes,No,King,Smart TV,Off-Peak,14,4308.34
Suite,Sea Facing,No,Yes,King,Smart TV,Peak,8,6186.37
Deluxe,Sea Facing,No,Yes,King,Standard TV,Off-Peak,10,3004.54
Deluxe,City View,Yes,No,King,Smart TV,Off-Peak,8,2790.4
Deluxe,None,No,Yes,Double,Smart TV,Off-Peak,16,1958.03
Suite,Sea Facing,Yes,No,Double,Smart TV,Peak,12,6061.45
Deluxe,Sea Facing,Yes,No,King,Standard TV,Peak,10,3772.63
Deluxe,City View,Yes,Yes,Queen,Smart TV,Off-Peak,2,2903.83
Standard,None,No,No,King,Standard TV,Peak,12,1495.44
Deluxe,None,No,No,Double,Smart TV,Off-Peak,17,1753.83
Suite,None,No,Yes,Queen,Smart TV,Off-Peak,12,4041.61
Deluxe,Sea Facing,Yes,Yes,Double,Standard TV,Off-Peak,2,3109.5
Deluxe,Sea Facing,Yes,No,Double,Smart TV,Peak,9,3711.33
Standard,City View,Yes,Yes,Queen,Smart TV,Off-Peak,2,2357.35
Standard,Sea Facing,No,Yes,King,Standard TV,Peak,13,2936.32
Deluxe,City View,No,No,King,Standard TV,Peak,18,2695.86
Deluxe,City View,No,No,Double,Smart TV,Off-Peak,9,2197.9
Suite,None,No,No,Queen,Smart TV,Peak,1,4625.45
Private,City View,Yes,No,Queen,Smart TV,Peak,3,6774.0
Private,None,No,No,Double,Smart TV,Off-Peak,7,4698.94
Deluxe,None,Yes,Yes,Queen,Smart TV,Peak,6,2939.78
Private,Sea Facing,Yes,No,Double,Smart TV,Off-Peak,11,6058.15
Private,Sea Facing,No,Yes,Queen,Standard TV,Peak,17,7021.1
Private,City View,No,No,King,Smart TV,Peak,10,6482.77
Suite,City View,No,Yes,Double,Standard TV,Off-Peak,12,4157.88
Suite,City View,No,Yes,Queen,Standard TV,Off-Peak,8,4296.67
Deluxe,City View,No,Yes,Queen,Smart TV,Peak,2,3051.44
Suite,Sea Facing,Yes,Yes,Queen,Standard TV,Peak,14,6245.77
Private,City View,Yes,No,Double,Smart TV,Peak,13,6605.17
Suite,None,No,No,Queen,Standard TV,Peak,6,4376.49
Standard,Sea Facing,No,No,Queen,Smart TV,Peak,6,2828.96
Private,None,Yes,Yes,Queen,Smart TV,Off-Peak,17,5406.67
Private,City View,No,Yes,Double,Standard TV,Off-Peak,12,5140.06
Deluxe,Sea Facing,Yes,Yes,Double,Standard TV,Off-Peak,9,3092.11
Deluxe,None,Yes,No,King,Smart TV,Peak,6,2819.29
Deluxe,Sea Facing,Yes,No,Double,Standard TV,Off-Peak,16,2908.21
Suite,None,Yes,Yes,Double,Smart TV,Off-Peak,17,4243.53
Deluxe,Sea Facing,No,Yes,Double,Smart TV,Off-Peak,8,2953.38
Deluxe,None,Yes,Yes,King,Standard TV,Off-Peak,9,2357.36
Deluxe,None,No,No,King,Standard TV,Peak,7,2168.6
Suite,None,No,No,Queen,Smart TV,Off-Peak,12,3853.12
Standard,Sea Facing,No,Yes,Double,Smart TV,Peak,17,2877.06
Private,None,No,Yes,Queen,Smart TV,Peak,1,6057.28
Deluxe,None,No,No,Queen,Smart TV,Peak,10,2285.24
Standard,City View,No,No,Queen,Smart TV,Peak,16,2167.42
Private,None,Yes,Yes,Double,Smart TV,Peak,13,6309.24
Deluxe,City View,Yes,No,Double,Smart TV,Peak,5,3065.18
Deluxe,Sea Facing,Yes,Yes,King,Standard TV,Peak,18,4021.18
Suite,None,No,Yes,King,Smart TV,Off-Peak,4,4158.26
Standard,Sea Facing,Yes,No,Queen,Smart TV,Off-Peak,7,2708.86
Suite,City View,No,Yes,Queen,Smart TV,Off-Peak,10,4499.35
Private,City View,Yes,No,Double,Smart TV,Peak,17,6608.97
Standard,Sea Facing,Yes,No,King,Standard TV,Peak,5,3122.06
Suite,None,No,No,Queen,Smart TV,Peak,15,4618.18
Standard,Sea Facing,Yes,No,Queen,Standard TV,Peak,14,3007.66
Suite,City View,No,No,King,Standard TV,Peak,2,5038.39
Standard,City View,No,Yes,Double,Standard TV,Peak,18,1977.21
Standard,None,No,Yes,Queen,Standard TV,Peak,16,1626.37
Private,City View,Yes,Yes,Double,Standard TV,Peak,2,6609.5
Private,None,No,Yes,Queen,Standard TV,Peak,16,5823.26
Private,None,No,No,Double,Standard TV,Peak,11,5396.47
Standard,None,Yes,No,Queen,Standard TV,Off-Peak,18,1506.71
Standard,City View,Yes,Yes,Queen,Standard TV,Off-Peak,4,2158.28
Private,Sea Facing,Yes,No,Queen,Smart TV,Peak,20,7432.98
Deluxe,Sea Facing,No,Yes,Double,Smart TV,Peak,15,3536.19
Private,City View,Yes,No,King,Standard TV,Off-Peak,5,5552.34
Suite,Sea Facing,No,Yes,Double,Standard TV,Peak,14,5636.65
Private,Sea Facing,Yes,No,Double,Standard TV,Off-Peak,13,5852.36
Standard,City View,Yes,Yes,Double,Smart TV,Off-Peak,16,2206.54
Private,Sea Facing,No,Yes,Queen,Smart TV,Off-Peak,2,6042.77
Standard,City View,No,Yes,Queen,Standard TV,Peak,5,2162.48
Private,None,No,Yes,Double,Standard TV,Off-Peak,20,4703.27
Private,None,Yes,No,Double,Smart TV,Off-Peak,6,5057.48
Deluxe,Sea Facing,No,Yes,Queen,Standard TV,Off-Peak,1,2904.26
Suite,City View,Yes,No,King,Smart TV,Peak,18,5705.78
Deluxe,None,Yes,No,Queen,Smart TV,Off-Peak,18,2243.31
Standard,City View,No,Yes,Queen,Standard TV,Peak,18,2152.65
Standard,City View,No,Yes,Double,Smart TV,Off-Peak,8,1858.09
Private,City View,No,No,Double,Smart TV,Peak,9,6173.31
Standard,Sea Facing,No,Yes,Queen,Smart TV,Peak,19,3057.41
Private,None,Yes,No,Double,Smart TV,Off-Peak,6,5055.8
Standard,Sea Facing,Yes,Yes,Queen,Standard TV,Off-Peak,3,2691.21
Standard,City View,No,Yes,King,Smart TV,Peak,4,2520.4
Deluxe,None,No,No,Double,Standard TV,Peak,1,1860.92
Standard,Sea Facing,Yes,No,King,Smart TV,Off-Peak,4,2790.08
Suite,None,Yes,No,Queen,Standard TV,Off-Peak,2,3997.86
Suite,Sea Facing,Yes,Yes,King,Smart TV,Peak,15,6608.14
Suite,City View,No,No,Double,Smart TV,Off-Peak,13,4148.52
Standard,None,No,Yes,King,Smart TV,Off-Peak,7,1658.27
Standard,City View,Yes,No,Double,Standard TV,Peak,5,2156.31
Suite,City View,No,Yes,King,Standard TV,Off-Peak,7,4400.11
Standard,None,Yes,No,Double,Smart TV,Off-Peak,18,1556.86
Suite,None,No,Yes,Queen,Standard TV,Peak,2,4629.63
Private,Sea Facing,Yes,No,King,Smart TV,Peak,17,7565.18
Suite,Sea Facing,No,Yes,King,Smart TV,Off-Peak,3,5146.87
Private,City View,No,No,King,Smart TV,Off-Peak,15,5396.28
Private,Sea Facing,Yes,No,Double,Smart TV,Peak,11,7251.14
Standard,None,Yes,No,King,Standard TV,Off-Peak,18,1594.06
Deluxe,None,Yes,Yes,King,Smart TV,Peak,6,3065.19
Deluxe,None,Yes,Yes,Double,Standard TV,Off-Peak,9,2098.3
Deluxe,City View,No,No,Double,Smart TV,Peak,9,2633.13
Standard,Sea Facing,Yes,Yes,King,Smart TV,Peak,2,3595.95
Standard,Sea Facing,No,Yes,King,Standard TV,Peak,6,2941.78
Private,Sea Facing,Yes,Yes,Double,Standard TV,Peak,1,7269.13
Private,Sea Facing,Yes,No,King,Standard TV,Peak,1,7329.19
Deluxe,Sea Facing,Yes,No,King,Smart TV,Peak,12,4012.28
Private,Sea Facing,No,No,Queen,Smart TV,Peak,20,7014.73
Standard,Sea Facing,No,No,Queen,Smart TV,Off-Peak,7,2351.98
Private,City View,No,Yes,King,Standard TV,Off-Peak,15,5408.24
Standard,Sea Facing,Yes,Yes,Queen,Smart TV,Off-Peak,6,2909.63
Deluxe,Sea Facing,Yes,No,Queen,Standard TV,Peak,17,3664.54
Suite,Sea Facing,No,No,Double,Smart TV,Off-Peak,19,4698.23
Suite,City View,No,No,King,Standard TV,Off-Peak,6,4207.46
Standard,Sea Facing,No,No,King,Smart TV,Peak,4,2938.39
Suite,City View,Yes,No,Queen,Smart TV,Peak,11,5583.34
Deluxe,City View,Yes,No,Queen,Standard TV,Peak,11,2999.79
Private,City View,No,No,King,Smart TV,Off-Peak,10,5405.59
Private,None,Yes,No,Double,Smart TV,Off-Peak,8,5054.71
Private,Sea Facing,No,No,King,Standard TV,Off-Peak,1,5747.81
Deluxe,None,No,Yes,Double,Smart TV,Off-Peak,1,1942.02
Suite,Sea Facing,No,No,King,Standard TV,Peak,15,5709.04
Deluxe,City View,Yes,No,King,Standard TV,Peak,3,3128.37
Suite,City View,Yes,Yes,Double,Smart TV,Off-Peak,6,4693.64
Private,Sea Facing,No,Yes,Double,Smart TV,Peak,4,7074.07
Suite,Sea Facing,No,No,Double,Standard TV,Off-Peak,4,4505.75
Deluxe,City View,Yes,Yes,Double,Standard TV,Off-Peak,14,2555.74
Suite,Sea Facing,No,Yes,Double,Smart TV,Off-Peak,19,4909.31
Private,Sea Facing,No,No,Double,Smart TV,Off-Peak,18,5709.95
Private,None,No,Yes,Double,Smart TV,Peak,3,5879.97
Standard,City View,No,Yes,Queen,Standard TV,Off-Peak,3,1809.21
Standard,None,Yes,No,King,Standard TV,Off-Peak,20,1606.32
Suite,City View,No,No,Double,Standard TV,Off-Peak,19,3955.13
Deluxe,None,No,No,Queen,Smart TV,Off-Peak,5,1897.32
Private,Sea Facing,Yes,Yes,King,Standard TV,Off-Peak,12,6307.01
Deluxe,Sea Facing,No,Yes,King,Smart TV,Off-Peak,4,3208.38
Suite,City View,Yes,Yes,King,Smart TV,Peak,18,5944.68
Suite,City View,No,Yes,Queen,Smart TV,Off-Peak,3,4502.93
Deluxe,City View,Yes,No,Queen,Smart TV,Peak,20,3242.81
Standard,None,No,No,King,Standard TV,Peak,9,1493.11
Suite,City View,Yes,Yes,Queen,Smart TV,Off-Peak,10,4844.4
Private,Sea Facing,No,Yes,Queen,Standard TV,Off-Peak,15,5844.58
Standard,City View,No,No,Double,Standard TV,Off-Peak,4,1443.25
Suite,Sea Facing,Yes,Yes,Queen,Smart TV,Peak,13,6479.56
Standard,None,Yes,Yes,King,Standard TV,Off-Peak,18,1791.34
Private,Sea Facing,Yes,Yes,King,Standard TV,Off-Peak,11,6295.75
Suite,Sea Facing,No,Yes,Queen,Smart TV,Off-Peak,18,5056.15
Deluxe,None,No,No,Queen,Standard TV,Peak,1,2048.5
Suite,Sea Facing,Yes,Yes,King,Smart TV,Off-Peak,18,5507.31
Deluxe,None,Yes,Yes,King,Smart TV,Peak,12,3056.34
Standard,None,No,No,Queen,Smart TV,Off-Peak,9,1350.59
Deluxe,None,Yes,No,Queen,Standard TV,Off-Peak,3,2058.67
Deluxe,Sea Facing,Yes,Yes,Double,Smart TV,Off-Peak,17,3301.33
Suite,None,Yes,Yes,King,Standard TV,Peak,5,5155.1
Suite,City View,Yes,No,Queen,Standard TV,Peak,10,5343.69
Private,Sea Facing,Yes,Yes,Queen,Standard TV,Off-Peak,11,6202.66
Standard,Sea Facing,Yes,No,Queen,Standard TV,Off-Peak,16,2491.63
Deluxe,City View,Yes,Yes,King,Smart TV,Peak,18,3605.4
Standard,City View,Yes,Yes,Double,Smart TV,Peak,8,2631.8
Private,City View,No,No,Queen,Standard TV,Peak,14,6122.57
Standard,City View,Yes,Yes,Double,Standard TV,Off-Peak,4,2003.81
Standard,None,Yes,No,King,Smart TV,Peak,18,2161.86
Suite,Sea Facing,No,Yes,Double,Standard TV,Off-Peak,4,4697.47
Standard,Sea Facing,No,Yes,Double,Smart TV,Off-Peak,14,2402.11
Private,City View,No,No,Double,Smart TV,Peak,20,6181.05
Deluxe,None,No,No,King,Standard TV,Off-Peak,19,1801.9
Standard,None,Yes,Yes,King,Standard TV,Peak,13,2166.2
Private,City View,Yes,No,Queen,Smart TV,Peak,15,6786.52
Suite,City View,No,Yes,Queen,Smart TV,Peak,11,5405.13
Deluxe,City View,No,Yes,Queen,Standard TV,Peak,14,2819.65
Private,City View,No,Yes,Double,Smart TV,Peak,14,6417.1
Standard,None,Yes,No,Double,Standard TV,Peak,14,1627.57
Deluxe,Sea Facing,No,Yes,Double,Smart TV,Peak,20,3547.54
Suite,None,No,No,King,Smart TV,Off-Peak,2,3956.27
Standard,Sea Facing,Yes,Yes,Queen,Standard TV,Off-Peak,4,2707.69
Standard,Sea Facing,Yes,No,King,Smart TV,Off-Peak,13,2797.91
Standard,Sea Facing,No,No,Double,Standard TV,Off-Peak,9,2000.69
Suite,None,Yes,No,Queen,Smart TV,Off-Peak,20,4201.4
Deluxe,City View,No,Yes,King,Standard TV,Off-Peak,11,2454.36
Private,City View,No,No,Queen,Standard TV,Off-Peak,7,5105.64
Standard,None,Yes,No,Queen,Standard TV,Off-Peak,12,1501.24
Standard,None,No,Yes,Queen,Standard TV,Off-Peak,14,1358.05
Standard,Sea Facing,No,No,Double,Smart TV,Off-Peak,8,2194.49
Standard,None,No,No,Double,Smart TV,Off-Peak,14,1198.17
Deluxe,Sea Facing,Yes,Yes,Queen,Smart TV,Off-Peak,19,3441.15
Private,None,Yes,No,Double,Smart TV,Peak,19,6069.64
Suite,City View,Yes,No,King,Smart TV,Peak,16,5706.03
Suite,City View,No,Yes,King,Smart TV,Peak,15,5512.47
Deluxe,City View,Yes,Yes,King,Smart TV,Off-Peak,2,2996.68
Standard,None,No,No,Double,Smart TV,Off-Peak,14,1200.69
Deluxe,Sea Facing,No,Yes,Queen,Smart TV,Off-Peak,20,3095.93
Deluxe,City View,No,Yes,King,Smart TV,Off-Peak,19,2642.36
Deluxe,Sea Facing,No,Yes,King,Smart TV,Peak,8,3841.97
Private,City View,Yes,Yes,Double,Smart TV,Peak,17,6834.47
Private,Sea Facing,No,Yes,Double,Smart TV,Peak,14,7082.66
Deluxe,None,No,Yes,Double,Smart TV,Peak,12,2343.82
Deluxe,None,No,No,Queen,Smart TV,Off-Peak,13,1906.28
Private,Sea Facing,No,Yes,Queen,Standard TV,Off-Peak,7,5848.93
Deluxe,None,Yes,Yes,Double,Smart TV,Off-Peak,18,2303.97
Private,Sea Facing,No,No,King,Smart TV,Peak,1,7130.7
Private,None,No,Yes,Double,Standard TV,Peak,10,5642.62
Suite,None,No,No,King,Smart TV,Off-Peak,6,3948.69
Suite,Sea Facing,No,No,Double,Smart TV,Off-Peak,7,4706.18
Private,City View,No,No,Queen,Smart TV,Off-Peak,2,5309.76
Deluxe,City View,Yes,No,King,Standard TV,Off-Peak,20,2595.85
Deluxe,City View,Yes,No,Queen,Smart TV,Peak,9,3247.89
Deluxe,Sea Facing,Yes,Yes,King,Smart TV,Off-Peak,8,3542.12
Suite,City View,No,No,King,Smart TV,Peak,12,5279.05
Standard,None,Yes,No,Double,Standard TV,Peak,18,1623.91
Private,City View,No,Yes,King,Standard TV,Off-Peak,9,5407.26
Standard,None,No,Yes,Double,Smart TV,Off-Peak,1,1394.42
Standard,City View,No,No,Queen,Smart TV,Peak,12,2159.85
Deluxe,City View,Yes,Yes,Double,Smart TV,Off-Peak,5,2759.52
Standard,Sea Facing,No,Yes,Queen,Standard TV,Off-Peak,4,2354.75
Deluxe,None,No,No,Queen,Smart TV,Peak,14,2277.88
Standard,None,Yes,No,Double,Standard TV,Peak,9,1619.95
Private,None,No,Yes,King,Standard TV,Off-Peak,7,4958.39
Suite,City View,No,Yes,Queen,Smart TV,Off-Peak,11,4499.74
Suite,City View,No,Yes,King,Smart TV,Peak,10,5511.16
Deluxe,Sea Facing,No,No,Queen,Standard TV,Off-Peak,10,2694.09
Standard,Sea Facing,Yes,No,Queen,Smart TV,Peak,5,3230.08
Standard,Sea Facing,Yes,Yes,Queen,Smart TV,Off-Peak,8,2899.6
Standard,City View,No,Yes,Double,Smart TV,Off-Peak,17,1859.47
Standard,Sea Facing,No,Yes,Double,Smart TV,Off-Peak,19,2406.05
Standard,None,Yes,No,Queen,Smart TV,Off-Peak,15,1690.83
Private,Sea Facing,Yes,No,Double,Standard TV,Peak,15,7028.62
Suite,City View,No,No,Double,Standard TV,Peak,15,4732.23
Deluxe,Sea Facing,Yes,No,Queen,Standard TV,Peak,4,3650.46
Standard,None,Yes,Yes,Queen,Standard TV,Off-Peak,17,1694.23
Suite,None,No,Yes,Double,Smart TV,Peak,4,4680.0
Private,None,Yes,No,Double,Standard TV,Peak,11,5811.56
Private,City View,Yes,No,Queen,Smart TV,Peak,1,6785.63
Private,None,Yes,Yes,Double,Smart TV,Off-Peak,10,5240.35
Private,Sea Facing,Yes,Yes,Queen,Standard TV,Off-Peak,15,6194.36
Standard,Sea Facing,Yes,Yes,King,Standard TV,Peak,2,3361.97
Suite,None,Yes,No,Queen,Standard TV,Off-Peak,19,3998.21
Deluxe,City View,No,Yes,Queen,Standard TV,Off-Peak,2,2349.21
Standard,None,No,Yes,Queen,Standard TV,Peak,20,1623.4
Private,Sea Facing,No,Yes,King,Smart TV,Peak,13,7377.19
Private,Sea Facing,Yes,Yes,Queen,Standard TV,Peak,3,7434.81
Private,None,Yes,Yes,Queen,Smart TV,Off-Peak,11,5408.36
Private,City View,No,No,Queen,Smart TV,Off-Peak,20,5296.9
Standard,Sea Facing,Yes,No,King,Smart TV,Off-Peak,10,2799.56
Suite,City View,No,No,King,Standard TV,Off-Peak,18,4206.4
Deluxe,None,Yes,No,Double,Smart TV,Peak,15,2522.66
Suite,Sea Facing,No,No,King,Smart TV,Peak,14,5942.41
Suite,Sea Facing,No,Yes,Queen,Standard TV,Peak,2,5822.78
Deluxe,Sea Facing,No,Yes,Queen,Smart TV,Peak,11,3726.21
Private,Sea Facing,No,Yes,Double,Standard TV,Peak,4,6840.52
Private,Sea Facing,No,Yes,Double,Smart TV,Peak,18,7071.52
Standard,Sea Facing,No,No,Queen,Standard TV,Peak,1,2583.31
Standard,None,Yes,No,Double,Standard TV,Peak,14,1613.3
Suite,Sea Facing,Yes,No,King,Standard TV,Off-Peak,18,5106.57
Deluxe,Sea Facing,Yes,No,Queen,Smart TV,Peak,8,3893.13
Deluxe,None,No,No,Queen,Smart TV,Peak,1,2289.13
Standard,Sea Facing,Yes,Yes,King,Standard TV,Off-Peak,15,2804.21
Private,Sea Facing,No,Yes,Queen,Standard TV,Off-Peak,12,5845.27
Standard,None,Yes,Yes,Queen,Smart TV,Peak,10,2274.15
Suite,Sea Facing,No,No,King,Standard TV,Peak,10,5707.57
Standard,Sea Facing,No,Yes,Double,Standard TV,Off-Peak,2,2194.61
Private,None,Yes,Yes,Queen,Smart TV,Off-Peak,10,5398.24
Deluxe,Sea Facing,No,No,King,Smart TV,Peak,16,3599.21
Suite,None,No,No,King,Smart TV,Off-Peak,9,3942.49
Private,Sea Facing,No,Yes,Double,Smart TV,Off-Peak,9,5904.71
Suite,Sea Facing,Yes,No,Double,Smart TV,Peak,18,6052.15
Deluxe,None,No,Yes,Queen,Standard TV,Peak,5,2287.09
Standard,City View,Yes,No,King,Standard TV,Peak,18,2460.64
Standard,None,No,No,Queen,Standard TV,Off-Peak,2,1152.33
Deluxe,City View,No,No,King,Standard TV,Peak,17,2706.58
Standard,City View,No,Yes,King,Standard TV,Off-Peak,9,1896.73
Standard,Sea Facing,No,No,Queen,Standard TV,Peak,5,2589.3
Suite,None,No,Yes,Queen,Standard TV,Peak,12,4622.24
Standard,City View,No,Yes,King,Standard TV,Peak,13,2272.48
Standard,City View,Yes,No,King,Standard TV,Off-Peak,16,2045.76
Deluxe,City View,Yes,Yes,Queen,Smart TV,Peak,14,3479.93
Private,City View,No,Yes,Double,Standard TV,Off-Peak,6,5153.69
Deluxe,None,No,No,King,Standard TV,Off-Peak,17,1794.04
Deluxe,Sea Facing,No,No,Double,Smart TV,Off-Peak,19,2748.54
Deluxe,Sea Facing,No,No,Queen,Standard TV,Off-Peak,12,2692.15
Deluxe,City View,Yes,No,Double,Standard TV,Off-Peak,15,2343.61
Private,Sea Facing,Yes,No,Double,Smart TV,Peak,3,7265.16
Deluxe,City View,Yes,Yes,King,Smart TV,Off-Peak,2,3002.19
Suite,Sea Facing,No,No,King,Smart TV,Off-Peak,10,4949.04
Standard,Sea Facing,Yes,Yes,Double,Smart TV,Off-Peak,2,2740.14
Suite,None,Yes,Yes,King,Smart TV,Off-Peak,9,4491.32
Standard,City View,No,Yes,Double,Smart TV,Peak,20,2225.27
Private,None,Yes,Yes,Double,Standard TV,Off-Peak,4,5041.88
Private,Sea Facing,Yes,Yes,Queen,Standard TV,Peak,13,7445.42
Deluxe,City View,Yes,No,Double,Standard TV,Off-Peak,5,2354.48
Private,City View,No,Yes,Queen,Standard TV,Peak,13,6360.27
Standard,City View,Yes,Yes,King,Standard TV,Off-Peak,11,2247.18
Private,City View,No,No,Double,Standard TV,Off-Peak,19,4958.0
Suite,City View,No,Yes,Queen,Smart TV,Peak,5,5393.53
Standard,City View,Yes,No,Queen,Standard TV,Peak,2,2347.1
Private,Sea Facing,Yes,No,Queen,Smart TV,Peak,6,7445.27
Private,City View,Yes,No,Double,Smart TV,Peak,13,6603.35
Private,Sea Facing,Yes,No,King,Standard TV,Off-Peak,18,6108.85
Standard,None,Yes,Yes,Double,Smart TV,Peak,9,2109.92
Deluxe,Sea Facing,Yes,Yes,King,Smart TV,Off-Peak,13,3555.78
Private,None,No,Yes,Queen,Smart TV,Peak,17,6054.58
Private,City View,No,No,Double,Standard TV,Off-Peak,1,4953.7
Suite,Sea Facing,No,Yes,Queen,Standard TV,Peak,4,5818.01
Deluxe,Sea Facing,Yes,No,King,Smart TV,Peak,18,4012.45
Private,Sea Facing,Yes,Yes,Queen,Standard TV,Peak,18,7446.98
Private,None,Yes,Yes,Queen,Standard TV,Peak,12,6236.69
Deluxe,City View,No,Yes,King,Smart TV,Off-Peak,19,2659.29
Deluxe,Sea Facing,No,No,King,Standard TV,Peak,4,3366.22
Standard,None,Yes,Yes,Queen,Smart TV,Off-Peak,14,1906.0
Standard,Sea Facing,No,Yes,King,Standard TV,Peak,12,2946.54
Private,Sea Facing,No,Yes,Double,Standard TV,Peak,3,6838.16
Suite,Sea Facing,No,No,Double,Smart TV,Off-Peak,20,4691.64
Standard,Sea Facing,Yes,Yes,King,Smart TV,Peak,2,3609.9
Standard,None,No,Yes,Double,Smart TV,Peak,10,1689.28
Private,City View,Yes,No,Queen,Standard TV,Peak,10,6539.35
Suite,City View,No,Yes,King,Smart TV,Peak,20,5526.57
Deluxe,Sea Facing,No,No,Double,Standard TV,Peak,5,3059.55
Suite,None,No,No,King,Standard TV,Off-Peak,17,3758.52
Private,City View,Yes,No,Double,Standard TV,Peak,2,6358.0
Suite,City View,Yes,Yes,King,Standard TV,Off-Peak,12,4757.57
Private,Sea Facing,Yes,No,Queen,Smart TV,Peak,14,7430.26
Private,Sea Facing,Yes,No,Queen,Smart TV,Peak,9,7436.83
Standard,None,Yes,No,King,Smart TV,Peak,12,2162.33
Private,City View,Yes,No,Double,Smart TV,Peak,15,6607.1
Suite,Sea Facing,No,No,Double,Standard TV,Off-Peak,2,4491.77
Suite,None,Yes,Yes,King,Smart TV,Off-Peak,16,4491.49
Standard,None,No,No,Double,Smart TV,Peak,15,1445.76
Private,None,Yes,Yes,Double,Standard TV,Peak,15,6061.32
Suite,City View,Yes,No,King,Smart TV,Off-Peak,12,4742.64
Deluxe,City View,Yes,No,Double,Smart TV,Off-Peak,3,2549.55
Standard,City View,Yes,No,Queen,Smart TV,Off-Peak,5,2144.09
Private,None,Yes,No,Double,Standard TV,Peak,15,5825.03
Deluxe,None,No,No,King,Smart TV,Peak,10,2406.31
Suite,Sea Facing,Yes,No,King,Smart TV,Peak,2,6358.81
Deluxe,Sea Facing,No,No,King,Smart TV,Off-Peak,4,3009.36
Deluxe,City View,Yes,Yes,Queen,Standard TV,Peak,18,3242.71
Standard,City View,Yes,Yes,Double,Standard TV,Off-Peak,2,1995.19
Deluxe,Sea Facing,No,Yes,King,Smart TV,Off-Peak,17,3191.32
Deluxe,City View,No,No,King,Smart TV,Off-Peak,3,2453.95
Private,Sea Facing,Yes,No,King,Standard TV,Off-Peak,2,6101.8
Deluxe,Sea Facing,No,No,Double,Smart TV,Off-Peak,16,2746.86
Private,Sea Facing,Yes,No,Double,Smart TV,Peak,17,7264.77
Suite,None,No,No,Double,Standard TV,Peak,11,4190.77
Standard,City View,No,No,Double,Smart TV,Off-Peak,7,1657.05
Deluxe,None,No,Yes,Double,Smart TV,Peak,6,2333.81
Deluxe,City View,No,No,Double,Smart TV,Off-Peak,11,2190.66
Private,None,Yes,Yes,King,Smart TV,Peak,7,6607.84
Private,City View,No,Yes,Queen,Standard TV,Peak,10,6362.36
Standard,City View,No,Yes,King,Smart TV,Peak,7,2512.49
Deluxe,Sea Facing,No,No,Queen,Smart TV,Peak,6,3482.55
Suite,None,No,No,King,Standard TV,Peak,9,4507.78
Standard,None,No,No,King,Smart TV,Off-Peak,18,1451.7
Deluxe,City View,No,Yes,Queen,Standard TV,Peak,4,2825.02
Suite,None,No,Yes,King,Smart TV,Off-Peak,16,4157.91
Deluxe,City View,Yes,No,Queen,Smart TV,Off-Peak,7,2708.32
Suite,City View,Yes,No,Queen,Smart TV,Peak,15,5572.85
Deluxe,Sea Facing,Yes,Yes,Queen,Standard TV,Peak,7,3905.09
Private,City View,No,Yes,King,Smart TV,Peak,11,6727.16
Suite,None,Yes,Yes,Double,Standard TV,Peak,8,4869.66
Private,Sea Facing,No,Yes,King,Smart TV,Off-Peak,17,6157.28
Deluxe,City View,No,Yes,King,Smart TV,Peak,20,3183.66
Suite,Sea Facing,Yes,Yes,Queen,Smart TV,Off-Peak,3,5395.49
Private,Sea Facing,No,No,Queen,Standard TV,Peak,20,6776.23
Suite,City View,No,Yes,Double,Smart TV,Off-Peak,8,4355.8
Suite,None,Yes,Yes,Queen,Standard TV,Off-Peak,13,4198.29
Suite,City View,No,No,Double,Smart TV,Peak,20,4987.0
Standard,City View,Yes,Yes,King,Standard TV,Off-Peak,20,2249.42
Private,City View,No,No,Queen,Smart TV,Off-Peak,20,5303.31
Suite,City View,No,Yes,King,Smart TV,Peak,16,5529.11
Suite,City View,Yes,No,Double,Standard TV,Off-Peak,16,4294.25
Private,None,No,Yes,Double,Smart TV,Peak,20,5875.77
Suite,Sea Facing,Yes,Yes,Double,Standard TV,Off-Peak,9,5049.0
Suite,None,No,Yes,King,Smart TV,Off-Peak,14,4155.72
Standard,City View,Yes,Yes,Double,Smart TV,Peak,7,2646.4
Deluxe,Sea Facing,Yes,No,Double,Standard TV,Off-Peak,7,2906.37
Standard,Sea Facing,No,No,King,Standard TV,Off-Peak,3,2246.56
Private,Sea Facing,Yes,No,King,Smart TV,Peak,11,7551.77
Suite,None,No,No,Double,Standard TV,Off-Peak,20,3492.97
Standard,None,No,No,Queen,Smart TV,Off-Peak,5,1343.11
Standard,None,No,No,Double,Standard TV,Off-Peak,7,1003.42
Suite,City View,Yes,Yes,Queen,Smart TV,Off-Peak,6,4851.17
Private,None,Yes,Yes,King,Smart TV,Peak,15,6593.62
Deluxe,None,No,Yes,King,Smart TV,Peak,19,2639.02
Private,None,No,Yes,King,Standard TV,Peak,2,5940.17
Suite,Sea Facing,No,Yes,King,Standard TV,Off-Peak,13,4955.56
Suite,Sea Facing,No,No,King,Standard TV,Peak,13,5701.65
Deluxe,City View,No,Yes,King,Standard TV,Peak,15,2937.54
Deluxe,Sea Facing,Yes,Yes,King,Standard TV,Peak,19,4028.99
Suite,City View,No,Yes,Queen,Smart TV,Off-Peak,5,4500.05
Private,Sea Facing,No,No,Double,Standard TV,Peak,10,6607.23
Deluxe,City View,Yes,No,Double,Standard TV,Peak,18,2818.83
Suite,City View,No,No,King,Standard TV,Off-Peak,16,4190.3
Deluxe,Sea Facing,No,No,King,Standard TV,Peak,5,3362.04
Private,Sea Facing,Yes,Yes,King,Standard TV,Peak,13,7566.05
Suite,None,No,No,Double,Standard TV,Off-Peak,7,3495.68
Private,None,No,Yes,Queen,Standard TV,Off-Peak,3,4854.13
Standard,City View,No,No,Queen,Standard TV,Off-Peak,20,1599.27
Deluxe,City View,Yes,No,Queen,Standard TV,Off-Peak,11,2497.08
Deluxe,City View,Yes,Yes,Double,Standard TV,Peak,20,3051.2
Suite,Sea Facing,No,No,Queen,Standard TV,Peak,10,5577.11
Suite,Sea Facing,No,Yes,King,Smart TV,Off-Peak,5,5156.18
Standard,None,Yes,Yes,King,Smart TV,Off-Peak,10,2005.92
Suite,Sea Facing,Yes,No,Double,Standard TV,Off-Peak,12,4856.85
Deluxe,City View,No,Yes,Queen,Standard TV,Off-Peak,8,2355.98
Private,None,Yes,Yes,Double,Smart TV,Off-Peak,6,5255.33
Suite,Sea Facing,Yes,Yes,Double,Standard TV,Off-Peak,14,5056.67
Standard,City View,No,No,Queen,Standard TV,Off-Peak,3,1606.39
Private,Sea Facing,Yes,No,Queen,Smart TV,Peak,15,7434.42
Deluxe,Sea Facing,Yes,No,King,Smart TV,Peak,1,4024.15
Suite,Sea Facing,No,No,Queen,Smart TV,Off-Peak,1,4859.93
Standard,City View,No,No,Queen,Standard TV,Peak,13,1912.9
Suite,City View,No,Yes,King,Standard TV,Off-Peak,20,4404.71
Deluxe,Sea Facing,Yes,Yes,King,Smart TV,Off-Peak,11,3558.44
Suite,City View,Yes,Yes,King,Standard TV,Off-Peak,11,4753.03
Deluxe,Sea Facing,No,Yes,King,Standard TV,Peak,10,3596.84
Standard,None,No,Yes,Queen,Standard TV,Off-Peak,20,1353.44
Standard,City View,Yes,Yes,Double,Standard TV,Peak,18,2408.56
Deluxe,Sea Facing,No,No,Double,Standard TV,Peak,20,3068.71
Standard,Sea Facing,No,No,Double,Smart TV,Peak,14,2647.33
Suite,Sea Facing,No,Yes,King,Smart TV,Peak,19,6181.13
Standard,None,No,No,Queen,Smart TV,Peak,17,1621.44
Private,City View,No,No,Double,Smart TV,Off-Peak,19,5159.19
Deluxe,Sea Facing,Yes,Yes,Queen,Smart TV,Off-Peak,2,3453.25
Suite,Sea Facing,Yes,No,Queen,Smart TV,Peak,16,6230.4
Standard,Sea Facing,No,No,King,Smart TV,Peak,1,2935.54
Suite,City View,No,No,King,Smart TV,Peak,15,5277.81
Private,None,Yes,No,Queen,Smart TV,Off-Peak,10,5199.74
Standard,None,Yes,Yes,Queen,Standard TV,Peak,7,2036.07
Standard,Sea Facing,Yes,Yes,Queen,Smart TV,Off-Peak,20,2894.29
Deluxe,Sea Facing,Yes,Yes,Queen,Standard TV,Peak,16,3904.21
Standard,City View,No,No,Queen,Standard TV,Off-Peak,4,1593.38
Deluxe,Sea Facing,No,No,Queen,Smart TV,Peak,7,3471.82
Standard,None,No,Yes,King,Smart TV,Peak,16,1978.2
Suite,City View,No,Yes,Queen,Smart TV,Peak,20,5406.21
Private,City View,No,Yes,Queen,Smart TV,Peak,11,6605.21
Private,Sea Facing,No,Yes,Double,Standard TV,Off-Peak,14,5694.73
Standard,None,Yes,No,Double,Smart TV,Peak,10,1855.34
Suite,City View,No,Yes,Double,Standard TV,Peak,5,4989.74
Deluxe,City View,No,No,King,Smart TV,Off-Peak,17,2441.49
Private,Sea Facing,No,Yes,Queen,Smart TV,Peak,16,7251.57
Private,None,No,Yes,King,Standard TV,Peak,15,5931.81
Standard,None,Yes,No,Queen,Smart TV,Peak,9,2036.48
Suite,City View,Yes,No,King,Standard TV,Peak,1,5465.28
Standard,None,Yes,Yes,King,Standard TV,Peak,14,2167.81
Suite,Sea Facing,Yes,Yes,King,Standard TV,Off-Peak,18,5308.65
Standard,Sea Facing,No,No,King,Standard TV,Off-Peak,15,2245.05
Private,City View,No,No,Double,Standard TV,Off-Peak,5,4949.2
Suite,City View,Yes,Yes,King,Standard TV,Peak,1,5691.87
Suite,None,Yes,No,King,Standard TV,Peak,13,4921.12
Standard,Sea Facing,Yes,Yes,Queen,Standard TV,Off-Peak,13,2690.13
Standard,None,Yes,No,Queen,Smart TV,Off-Peak,10,1699.19
Suite,None,No,Yes,Double,Standard TV,Peak,11,4449.61
Deluxe,City View,No,Yes,King,Standard TV,Peak,14,2932.81
Private,Sea Facing,Yes,No,Queen,Smart TV,Off-Peak,19,6194.22
Deluxe,Sea Facing,No,Yes,King,Standard TV,Off-Peak,19,2995.55
Deluxe,None,Yes,No,King,Standard TV,Peak,18,2587.34
Deluxe,Sea Facing,Yes,Yes,King,Standard TV,Peak,6,4027.8
Standard,Sea Facing,Yes,Yes,Queen,Standard TV,Off-Peak,6,2708.91
Suite,None,No,Yes,Queen,Standard TV,Peak,20,4614.97
Deluxe,City View,Yes,Yes,King,Smart TV,Off-Peak,16,2999.07
Deluxe,City View,No,Yes,King,Standard TV,Peak,14,2937.64
Private,City View,No,Yes,King,Smart TV,Off-Peak,11,5601.92
Private,None,No,Yes,Queen,Standard TV,Off-Peak,1,4845.92
Deluxe,Sea Facing,No,Yes,King,Smart TV,Off-Peak,9,3206.58
Private,None,Yes,Yes,Double,Standard TV,Off-Peak,7,5058.12
Deluxe,None,No,Yes,King,Smart TV,Peak,6,2648.0
Private,City View,No,No,Double,Smart TV,Peak,16,6175.26
Suite,Sea Facing,Yes,No,Queen,Smart TV,Peak,15,6239.69
Standard,City View,Yes,Yes,King,Standard TV,Off-Peak,2,2250.76
Suite,Sea Facing,Yes,Yes,Queen,Smart TV,Peak,17,6489.4
Deluxe,Sea Facing,No,No,Double,Smart TV,Peak,17,3298.76
Deluxe,City View,No,Yes,Queen,Smart TV,Peak,16,3051.4
Deluxe,City View,Yes,Yes,Queen,Standard TV,Peak,3,3242.87
Deluxe,None,No,Yes,Queen,Smart TV,Peak,6,2513.49
Suite,Sea Facing,No,Yes,King,Smart TV,Off-Peak,9,5147.3
Standard,Sea Facing,Yes,Yes,Queen,Standard TV,Off-Peak,17,2700.36
Deluxe,Sea Facing,No,Yes,Double,Smart TV,Peak,7,3549.26
Suite,Sea Facing,Yes,No,King,Standard TV,Off-Peak,20,5093.19
Private,Sea Facing,Yes,No,Double,Standard TV,Off-Peak,8,5857.04
Deluxe,None,Yes,No,Double,Standard TV,Off-Peak,6,1890.38
Private,Sea Facing,No,Yes,King,Smart TV,Peak,1,7370.96
Deluxe,None,No,Yes,Queen,Standard TV,Off-Peak,20,1899.59
Deluxe,City View,No,Yes,Queen,Smart TV,Peak,15,3061.45
Suite,None,No,Yes,Queen,Standard TV,Peak,7,4613.78
Standard,None,Yes,Yes,Queen,Smart TV,Off-Peak,9,1893.7
Suite,None,Yes,Yes,Queen,Standard TV,Peak,3,5044.39
Suite,City View,No,No,Double,Smart TV,Off-Peak,18,4146.17
Private,Sea Facing,Yes,No,Double,Smart TV,Peak,16,7264.21
Suite,None,Yes,No,King,Standard TV,Off-Peak,11,4100.35
Suite,City View,No,Yes,Queen,Smart TV,Off-Peak,19,4497.34
Suite,None,No,No,Queen,Smart TV,Peak,9,4610.92
Standard,None,Yes,No,Queen,Smart TV,Off-Peak,20,1709.45
Private,City View,No,No,Double,Standard TV,Off-Peak,11,4947.6
Deluxe,None,Yes,No,King,Standard TV,Peak,7,2585.79
Deluxe,None,No,No,Queen,Standard TV,Peak,15,2036.73
Private,Sea Facing,Yes,No,King,Smart TV,Peak,16,7567.96
Private,City View,Yes,Yes,Double,Standard TV,Off-Peak,18,5491.44
Suite,None,No,Yes,Queen,Standard TV,Off-Peak,10,3845.63
Private,City View,Yes,Yes,Double,Standard TV,Off-Peak,13,5500.52
Suite,City View,Yes,No,Queen,Standard TV,Off-Peak,4,4452.26
Suite,Sea Facing,No,Yes,King,Standard TV,Peak,17,5942.87
Deluxe,Sea Facing,No,No,Queen,Smart TV,Off-Peak,13,2897.84
Private,Sea Facing,No,No,Queen,Standard TV,Off-Peak,16,5652.55
Deluxe,None,No,Yes,Double,Standard TV,Off-Peak,4,1757.32
Private,None,Yes,Yes,King,Smart TV,Peak,10,6606.76
Deluxe,None,Yes,No,King,Standard TV,Peak,7,2575.05
Suite,None,Yes,No,Queen,Smart TV,Peak,1,5030.83
Suite,None,Yes,No,Double,Smart TV,Off-Peak,16,4044.79
Deluxe,None,Yes,Yes,Queen,Standard TV,Off-Peak,13,2256.39
Suite,City View,No,No,Double,Standard TV,Peak,10,4743.18
Standard,City View,Yes,No,Queen,Smart TV,Peak,15,2572.49
Deluxe,Sea Facing,Yes,No,Queen,Smart TV,Peak,6,3893.29
Deluxe,None,No,No,Double,Standard TV,Peak,18,1855.3
Private,City View,Yes,No,Queen,Smart TV,Peak,10,6787.09
Suite,Sea Facing,No,No,King,Smart TV,Peak,4,5937.96
Standard,Sea Facing,No,Yes,King,Smart TV,Peak,17,3176.79
Private,Sea Facing,No,No,Double,Smart TV,Off-Peak,20,5694.51
Deluxe,Sea Facing,Yes,No,Double,Smart TV,Off-Peak,19,3103.48
Standard,City View,No,Yes,Queen,Smart TV,Off-Peak,12,2009.36
Standard,City View,No,Yes,Queen,Smart TV,Off-Peak,18,1991.59
Suite,City View,No,Yes,King,Smart TV,Off-Peak,18,4600.05
Deluxe,Sea Facing,Yes,No,Double,Smart TV,Peak,2,3728.05
Private,Sea Facing,Yes,Yes,Double,Standard TV,Off-Peak,8,6045.35
Standard,None,No,Yes,King,Standard TV,Peak,9,1736.78
Deluxe,None,No,Yes,Double,Smart TV,Off-Peak,15,1949.87
Suite,Sea Facing,Yes,No,Queen,Smart TV,Off-Peak,15,5192.8
Deluxe,City View,Yes,No,Double,Standard TV,Peak,19,2826.08
Suite,Sea Facing,Yes,No,Double,Standard TV,Off-Peak,16,4845.04
Deluxe,None,Yes,No,Queen,Smart TV,Peak,4,2691.18
Private,None,Yes,Yes,Queen,Standard TV,Off-Peak,13,5203.3
Deluxe,City View,No,Yes,King,Smart TV,Peak,9,3180.91
Private,Sea Facing,No,Yes,King,Smart TV,Off-Peak,8,6158.59
Suite,None,Yes,No,King,Smart TV,Peak,2,5165.65
Standard,City View,No,Yes,Double,Smart TV,Peak,7,2210.72
Standard,None,Yes,No,Queen,Standard TV,Peak,10,1800.6
Private,City View,Yes,Yes,Double,Smart TV,Off-Peak,12,5707.36
Deluxe,None,No,No,Queen,Smart TV,Peak,17,2270.37
Deluxe,None,Yes,No,Queen,Standard TV,Off-Peak,4,2047.47
Deluxe,Sea Facing,Yes,No,Double,Smart TV,Off-Peak,12,3106.66
Standard,City View,No,Yes,Double,Smart TV,Off-Peak,18,1844.99
Suite,City View,Yes,Yes,Double,Smart TV,Off-Peak,16,4690.24
Suite,None,No,No,Queen,Smart TV,Off-Peak,18,3846.81
Suite,Sea Facing,Yes,No,Queen,Standard TV,Peak,18,5990.69
Standard,None,No,Yes,Double,Smart TV,Off-Peak,19,1408.31
Suite,None,No,Yes,Queen,Smart TV,Off-Peak,16,4057.06
Private,None,No,No,Queen,Standard TV,Peak,19,5578.44
Private,City View,Yes,No,Double,Smart TV,Peak,14,6598.16
Standard,Sea Facing,No,No,Queen,Smart TV,Off-Peak,5,2359.59
Deluxe,None,No,No,King,Smart TV,Peak,19,2399.79
Suite,None,No,Yes,Double,Standard TV,Off-Peak,11,3698.73
Suite,None,Yes,No,King,Standard TV,Peak,11,4918.01
Private,City View,Yes,No,King,Standard TV,Off-Peak,12,5546.35
Standard,None,No,No,King,Smart TV,Peak,10,1736.86
Deluxe,City View,No,Yes,King,Standard TV,Peak,8,2938.89
Suite,City View,Yes,Yes,King,Standard TV,Off-Peak,1,4758.47
Standard,City View,Yes,No,King,Smart TV,Peak,8,2707.56
Standard,City View,Yes,No,Double,Standard TV,Off-Peak,18,1805.26
Suite,City View,Yes,No,Double,Smart TV,Off-Peak,11,4505.68
Deluxe,Sea Facing,No,Yes,Queen,Smart TV,Peak,7,3718.48
Suite,City View,Yes,Yes,Double,Smart TV,Off-Peak,17,4701.66
Standard,City View,Yes,No,King,Smart TV,Peak,5,2707.94
Private,None,Yes,Yes,Double,Smart TV,Peak,6,6296.62
Private,Sea Facing,Yes,No,King,Standard TV,Off-Peak,13,6097.95
Standard,Sea Facing,Yes,Yes,King,Smart TV,Peak,17,3595.3
Standard,None,No,No,Double,Smart TV,Off-Peak,1,1190.9
Deluxe,City View,Yes,No,King,Smart TV,Off-Peak,15,2790.32
Standard,Sea Facing,No,No,King,Standard TV,Off-Peak,13,2245.45
Deluxe,City View,No,Yes,King,Standard TV,Peak,2,2948.82
Standard,None,Yes,No,King,Standard TV,Off-Peak,16,1596.48
Deluxe,Sea Facing,No,No,King,Standard TV,Peak,13,3367.77
Suite,City View,Yes,No,Double,Smart TV,Off-Peak,1,4492.36
Private,Sea Facing,No,Yes,King,Smart TV,Off-Peak,6,6153.49
Deluxe,Sea Facing,Yes,No,Double,Smart TV,Peak,13,3716.57
Private,City View,Yes,Yes,Double,Standard TV,Off-Peak,9,5507.85
Suite,City View,Yes,No,Double,Smart TV,Peak,18,5403.95
Deluxe,Sea Facing,Yes,No,Double,Smart TV,Off-Peak,12,3096.84
Suite,None,Yes,Yes,Double,Smart TV,Peak,2,5099.75
Deluxe,Sea Facing,No,Yes,King,Standard TV,Peak,9,3594.69
Private,None,No,No,Double,Standard TV,Off-Peak,1,4490.6
Suite,Sea Facing,No,No,Double,Smart TV,Off-Peak,13,4691.29
Standard,City View,No,No,Queen,Standard TV,Off-Peak,19,1606.24
Suite,None,Yes,Yes,Double,Standard TV,Peak,16,4864.79
Deluxe,None,Yes,Yes,Double,Smart TV,Peak,12,2763.32
Private,Sea Facing,Yes,Yes,Queen,Standard TV,Peak,17,7448.26
Standard,Sea Facing,Yes,No,Double,Smart TV,Peak,14,3055.05
Standard,None,Yes,Yes,King,Standard TV,Peak,10,2150.36
Suite,City View,No,Yes,Double,Standard TV,Peak,8,4988.29
Suite,None,Yes,No,Queen,Standard TV,Peak,20,4809.73
Standard,None,No,No,Double,Smart TV,Off-Peak,7,1193.34
Suite,City View,No,Yes,King,Standard TV,Peak,2,5283.24
Private,City View,No,No,Double,Smart TV,Peak,12,6172.03
Standard,Sea Facing,No,Yes,King,Smart TV,Off-Peak,9,2641.11
Standard,Sea Facing,Yes,No,King,Standard TV,Off-Peak,5,2597.25
Suite,Sea Facing,Yes,Yes,Queen,Standard TV,Peak,16,6232.01
Suite,City View,No,Yes,Queen,Smart TV,Peak,20,5392.22
Deluxe,None,No,Yes,King,Standard TV,Off-Peak,2,1999.88
Suite,City View,Yes,Yes,Double,Smart TV,Peak,11,5640.6
Standard,Sea Facing,No,No,Queen,Smart TV,Off-Peak,8,2347.87
Standard,None,No,No,Queen,Smart TV,Off-Peak,4,1353.3
Deluxe,Sea Facing,Yes,No,King,Standard TV,Peak,15,3789.73
Deluxe,None,No,No,Queen,Standard TV,Peak,16,2046.84
Standard,City View,No,No,Double,Standard TV,Off-Peak,5,1455.28
Deluxe,Sea Facing,No,Yes,Queen,Standard TV,Peak,12,3478.33
Standard,City View,No,Yes,Double,Standard TV,Peak,5,1976.6
Suite,City View,No,No,King,Smart TV,Off-Peak,1,4401.43
Standard,City View,Yes,Yes,King,Smart TV,Off-Peak,8,2446.16
Deluxe,None,Yes,No,Queen,Standard TV,Peak,11,2453.4
Suite,City View,Yes,No,Queen,Smart TV,Peak,20,5587.36
Standard,City View,Yes,No,King,Smart TV,Off-Peak,2,2242.41
Standard,None,Yes,Yes,Queen,Smart TV,Off-Peak,19,1909.69
Deluxe,City View,Yes,No,Queen,Smart TV,Peak,1,3235.19
Deluxe,City View,No,No,Double,Standard TV,Peak,15,2404.75
Private,City View,Yes,No,Queen,Standard TV,Off-Peak,14,5441.22
Standard,None,Yes,No,King,Standard TV,Off-Peak,6,1606.06
Suite,None,Yes,No,King,Smart TV,Off-Peak,3,4300.32
Deluxe,Sea Facing,Yes,No,King,Standard TV,Off-Peak,13,3159.35
Suite,City View,Yes,Yes,Double,Standard TV,Peak,3,5399.85
Private,None,Yes,No,Queen,Smart TV,Off-Peak,19,5205.55
Deluxe,City View,Yes,No,Double,Smart TV,Peak,2,3054.65
Suite,None,No,Yes,King,Smart TV,Off-Peak,15,4146.96
Standard,None,Yes,No,King,Standard TV,Peak,18,1925.77
Suite,None,Yes,No,King,Smart TV,Peak,10,5167.46
Standard,Sea Facing,Yes,Yes,King,Smart TV,Peak,13,3592.13
Suite,City View,Yes,No,Double,Standard TV,Peak,8,5163.82
Standard,None,No,No,King,Smart TV,Off-Peak,4,1459.61
Standard,City View,No,No,Double,Smart TV,Off-Peak,16,1658.94
Suite,None,No,No,Queen,Standard TV,Off-Peak,2,3647.29
Deluxe,City View,Yes,No,Queen,Smart TV,Peak,8,3235.98
Standard,City View,Yes,Yes,Queen,Smart TV,Peak,12,2812.69
